<?xml version="1.0" encoding="UTF-8"?>
<selphid-widget-conf version="1.0">

    <DocumentDL id="KR" iso="KOR" profile="DriverLicense_KR">
        <Version id="All" type="TD1">
            <Front>
                <face id="DriverLicense_KR_TYPE1"
                    x="0.044" y="0.254" w="0.340" h="0.656" />

                <field id="FullName" dst="FullName" src="ML" optional="yes" /> <!-- mandatory -->
                <field id="Address" dst="Address" src="ML" optional="yes" />
                <field id="IssuedBy" dst="IssuedBy" src="ML" optional="yes" />
                <field id="Number" dst="DocumentNumber" src="ML" optional="yes" masked="true" /> <!-- mandatory -->
                <field id="PersonalCode" dst="DriverLicenseNumber" src="ML" optional="yes" masked="true" /> <!-- mandatory -->
                <field id="DateOfIssue" dst="DateOfIssue" src="ML" optional="yes" masked="true" /> <!-- mandatory -->
                <field id="DateOfExpiry" dst="DateOfExpiry" src="ML" optional="yes" />
                <field id="DateOfRenewal" dst="DateOfRenewal" src="ML" optional="yes" />
            </Front>
        </Version>
    </DocumentDL>

    <Supported
        Front="KR"
        Back="" />
</selphid-widget-conf>
